,Fluor,Efficiency %,Slope,Y-Intercept,R^2
,SYBR,83.6757742838067,-3.78713456880765,42.2559943887963,0.991673002061613
