,Fluor,Efficiency %,Slope,Y-Intercept,R^2
,SYBR,92.0650533182035,-3.5279795980503,39.4288329885021,0.999342201556531
