,Fluor,Efficiency %,Slope,Y-Intercept,R^2
,SYBR,87.4378769034587,-3.66491859785026,39.1013088219062,0.987069285523759
