,Fluor,Efficiency %,Slope,Y-Intercept,R^2
,SYBR,5950.50170900411,-0.561232929267606,24.1710901215547,0.0203205311906809
