,Fluor,Efficiency %,Slope,Y-Intercept,R^2
,SYBR,104.634699960779,-3.21564833209486,44.6585001246815,0.690599693698214
