,Fluor,Efficiency %,Slope,Y-Intercept,R^2
,SYBR,88.5204211167811,-3.63163061517709,39.6421091969602,0.996384471287241
