,Fluor,Efficiency %,Slope,Y-Intercept,R^2
,SYBR,92.7209590710829,-3.50964690017266,38.3078731052993,0.999192288695344
