,Fluor,Efficiency %,Slope,Y-Intercept,R^2
,SYBR,94.5556443214923,-3.45968285648984,38.8283047337614,0.979533475630434
