,Fluor,Efficiency %,Slope,Y-Intercept,R^2
,SYBR,84.428579241268,-3.76182783587219,37.9676732407749,0.997343215799131
