,Fluor,Efficiency %,Slope,Y-Intercept,R^2
,SYBR,94.1179564376919,-3.47143017366791,38.3305837184841,0.98728483444032
