,Fluor,Efficiency %,Slope,Y-Intercept,R^2
,SYBR,86.0392770839175,-3.70913493159425,40.0042527711088,0.997654223529192
