,Fluor,Efficiency %,Slope,Y-Intercept,R^2
,SYBR,55.9554826668505,-5.1813297772748,60.9902791590084,0.717961777959402
