,Fluor,Efficiency %,Slope,Y-Intercept,R^2
,SYBR,90.3067783856329,-3.57840316864706,40.8954395064784,0.997249353279761
