,Fluor,Efficiency %,Slope,Y-Intercept,R^2
,SYBR,71.6621770540546,-4.26121928695575,45.9885074365569,0.997693403425444
