,Fluor,Efficiency %,Slope,Y-Intercept,R^2
,SYBR,78.1435277673188,-3.98771705980666,44.7201082061234,0.988614929146988
