,Fluor,Efficiency %,Slope,Y-Intercept,R^2
,SYBR,96.7933288124684,-3.40124055219304,38.1520876390371,0.99808677607223
