,Fluor,Efficiency %,Slope,Y-Intercept,R^2
,SYBR,86.2026914257309,-3.70389638719131,41.6680288471362,0.996455024787279
