,Fluor,Efficiency %,Slope,Y-Intercept,R^2
,SYBR,89.7117035215554,-3.59590481914231,41.6595171198778,0.992605238709164
