,Fluor,Efficiency %,Slope,Y-Intercept,R^2
,SYBR,71.0620229253501,-4.28901798969829,46.8659307906045,0.977113543177595
