,Fluor,Efficiency %,Slope,Y-Intercept,R^2
,SYBR,86.130646652511,-3.70620352194223,40.742694166666,0.959003711608949
