,Fluor,Efficiency %,Slope,Y-Intercept,R^2
,SYBR,88.7585482727191,-3.62441455366147,39.1944687633094,0.996835438321831
