,Fluor,Efficiency %,Slope,Y-Intercept,R^2
,SYBR,124.051175147033,-2.85431116739523,36.5627182273039,0.582411483188063
