,Fluor,Efficiency %,Slope,Y-Intercept,R^2
,SYBR,100.429027754146,-3.31169011603891,37.8943000962924,0.990279554944682
