,Fluor,Efficiency %,Slope,Y-Intercept,R^2
,SYBR,92.4586242958694,-3.51694880977037,37.6873852023354,0.99901532801669
