,Fluor,Efficiency %,Slope,Y-Intercept,R^2
,SYBR,92.7013264487741,-3.51019196742419,39.5154653446972,0.999160424700096
