,Fluor,Efficiency %,Slope,Y-Intercept,R^2
,SYBR,86.4556903054979,-3.69582418168013,41.1461939162369,0.977218622204434
