,Fluor,Efficiency %,Slope,Y-Intercept,R^2
,SYBR,88.7588363477582,-3.62440584687951,41.2661485460106,0.998994182080187
