,Fluor,Efficiency %,Slope,Y-Intercept,R^2
,SYBR,86.2433744652554,-3.70259523116727,39.5325667062522,0.998126346331172
