,Fluor,Efficiency %,Slope,Y-Intercept,R^2
,SYBR,88.0582640492732,-3.64574416455517,41.51178127944,0.998596321074794
