,Fluor,Efficiency %,Slope,Y-Intercept,R^2
,SYBR,77.44195263009,-4.01515628422954,43.3054773035654,0.996979629853478
