,Fluor,Efficiency %,Slope,Y-Intercept,R^2
,SYBR,88.5139539503581,-3.63182712046082,38.7651840621848,0.991133954015239
