,Fluor,Efficiency %,Slope,Y-Intercept,R^2
,SYBR,2792.47031696016,-0.684336738147003,25.7256571728132,0.0310831885779871
