,Fluor,Efficiency %,Slope,Y-Intercept,R^2
,SYBR,95.7454196936902,-3.42827825795508,38.6630677625907,0.998303871575652
