,Fluor,Efficiency %,Slope,Y-Intercept,R^2
,SYBR,85.2578131949102,-3.73445718989037,42.5908326346126,0.993193709425796
