,Fluor,Efficiency %,Slope,Y-Intercept,R^2
,SYBR,90.2229029209835,-3.58085639086637,39.4541147942804,0.999200234404497
