,Fluor,Efficiency %,Slope,Y-Intercept,R^2
,SYBR,84.5896594611638,-3.75647002277117,42.3208282697628,0.99399637460074
