,Fluor,Efficiency %,Slope,Y-Intercept,R^2
,SYBR,89.1396993716228,-3.61294264487426,40.1327818634056,0.998641896262869
