,Fluor,Efficiency %,Slope,Y-Intercept,R^2
,SYBR,95.588868535009,-3.43236702624771,41.3419460447466,0.987406243504253
