,Fluor,Efficiency %,Slope,Y-Intercept,R^2
,SYBR,74.7396830682228,-4.1255564646168,44.978607472692,0.997651959404774
