,Fluor,Efficiency %,Slope,Y-Intercept,R^2
,SYBR,101.23808197423,-3.29261282924981,38.4042266514688,0.986141521947743
