,Fluor,Efficiency %,Slope,Y-Intercept,R^2
,SYBR,80.6775353351865,-3.89250220501676,48.133387488987,0.976881470520961
