,Fluor,Efficiency %,Slope,Y-Intercept,R^2
,SYBR,20589.8585870681,-0.4318241397735,23.5179466736712,0.011880942655734
