,Fluor,Efficiency %,Slope,Y-Intercept,R^2
,SYBR,118.282578281105,-2.94968653414158,41.880412360059,0.89834231118324
