,Fluor,Efficiency %,Slope,Y-Intercept,R^2
,SYBR,95.0665515659644,-3.44610355158291,39.3807213168093,0.989837264027673
