,Fluor,Efficiency %,Slope,Y-Intercept,R^2
,SYBR,85.4927306153298,-3.72679750202012,40.174332147441,0.997606357401939
