,Fluor,Efficiency %,Slope,Y-Intercept,R^2
,SYBR,95.9754587101401,-3.42229369443743,37.2549439368074,0.99898913327954
