,Fluor,Efficiency %,Slope,Y-Intercept,R^2
,SYBR,92.7978081707755,-3.50751547253611,37.7424022517787,0.997863010615493
