,Fluor,Efficiency %,Slope,Y-Intercept,R^2
,SYBR,99.7295638371265,-3.32842552984847,37.9085774226925,0.992579300702753
