,Fluor,Efficiency %,Slope,Y-Intercept,R^2
,SYBR,94.9719135196996,-3.44860818875205,38.9648928495578,0.995721907154466
