,Fluor,Efficiency %,Slope,Y-Intercept,R^2
,SYBR,86.2195138063534,-3.70335821562772,38.9902674787377,0.993018116796276
