,Fluor,Efficiency %,Slope,Y-Intercept,R^2
,SYBR,88.6575664372813,-3.6274700293781,41.020889784971,0.996454435554498
