,Fluor,Efficiency %,Slope,Y-Intercept,R^2
,SYBR,74.0415571457017,-4.15536130915399,46.0001796874685,0.970663898765156
