,Fluor,Efficiency %,Slope,Y-Intercept,R^2
,SYBR,97.6453318384885,-3.3796736011716,37.1633635578106,0.987646055813103
