,Fluor,Efficiency %,Slope,Y-Intercept,R^2
,SYBR,74.4504248200451,-4.13783917944207,44.6157190191529,0.998687706201121
