,Fluor,Efficiency %,Slope,Y-Intercept,R^2
,SYBR,86.2122034256639,-3.70359205977652,39.5540081753647,0.974351311229391
