,Fluor,Efficiency %,Slope,Y-Intercept,R^2
,SYBR,83.0850502538716,-3.80730638229698,42.3202424231324,0.998038894697037
