,Fluor,Efficiency %,Slope,Y-Intercept,R^2
,SYBR,96.4133022969117,-3.41097976825146,37.3438902043988,0.991961982278312
