,Fluor,Efficiency %,Slope,Y-Intercept,R^2
,SYBR,93.3543470629741,-3.49218173252087,39.2372620629773,0.994378870012258
